timestamp,itemId,action,ipAddress,userAgent,location,country,city,timezone,referrer
2025-08-13T16:35:32.415Z,item-1755071260249,like,103.42.167.179,"Mozilla/5.0 (Windows NT 10.0; Win64; x64) AppleWebKit/537.36 (KHTML, like Gecko) Chrome/139.0.0.0 Safari/537.36",Utan India,India,Utan,Asia/Kolkata,https://59d87a4b8e23.ngrok-free.app/portfolio
2025-08-13T16:35:35.582Z,item-1755071260249,unlike,103.42.167.179,"Mozilla/5.0 (Windows NT 10.0; Win64; x64) AppleWebKit/537.36 (KHTML, like Gecko) Chrome/139.0.0.0 Safari/537.36",Utan India,India,Utan,Asia/Kolkata,https://59d87a4b8e23.ngrok-free.app/portfolio
2025-08-13T16:35:43.438Z,item-1755071260249,like,103.42.167.179,"Mozilla/5.0 (Windows NT 10.0; Win64; x64) AppleWebKit/537.36 (KHTML, like Gecko) Chrome/139.0.0.0 Safari/537.36",Utan India,India,Utan,Asia/Kolkata,https://59d87a4b8e23.ngrok-free.app/portfolio
2025-08-13T16:36:13.103Z,item-1755071260249,like,103.42.167.179,"Mozilla/5.0 (Windows NT 10.0; Win64; x64) AppleWebKit/537.36 (KHTML, like Gecko) Chrome/139.0.0.0 Safari/537.36",Utan India,India,Utan,Asia/Kolkata,https://59d87a4b8e23.ngrok-free.app/portfolio
2025-08-13T17:41:17.980Z,item-1755019011138,like,::ffff:192.168.1.8,"Mozilla/5.0 (Windows NT 10.0; Win64; x64) AppleWebKit/537.36 (KHTML, like Gecko) Chrome/139.0.0.0 Safari/537.36",unknown, unknown,,,,http://192.168.1.8:3001/portfolio
2025-08-13T17:41:47.106Z,item-1755071260249,like,::ffff:192.168.1.8,"Mozilla/5.0 (Windows NT 10.0; Win64; x64) AppleWebKit/537.36 (KHTML, like Gecko) Chrome/139.0.0.0 Safari/537.36",unknown, unknown,,,,http://192.168.1.8:3001/portfolio
2025-08-13T17:44:25.864Z,item-1755019011138,like,103.42.167.179,"Mozilla/5.0 (Windows NT 10.0; Win64; x64) AppleWebKit/537.36 (KHTML, like Gecko) Chrome/139.0.0.0 Safari/537.36 Edg/139.0.0.0",Utan, India,India,Utan,Asia/Kolkata,https://a57f556ce00a.ngrok-free.app/portfolio
2025-08-13T17:44:26.952Z,item-1755071260249,like,103.42.167.179,"Mozilla/5.0 (Windows NT 10.0; Win64; x64) AppleWebKit/537.36 (KHTML, like Gecko) Chrome/139.0.0.0 Safari/537.36 Edg/139.0.0.0",Utan, India,India,Utan,Asia/Kolkata,https://a57f556ce00a.ngrok-free.app/portfolio
2025-08-13T18:16:12.249Z,item-1755071260249,like,::1,"Mozilla/5.0 (Windows NT 10.0; Win64; x64) AppleWebKit/537.36 (KHTML, like Gecko) Chrome/139.0.0.0 Safari/537.36",unknown, unknown,,,,http://localhost:3000/portfolio
2025-08-13T18:39:05.703Z,item-1755071260249,unlike,::ffff:192.168.1.8,"Mozilla/5.0 (iPhone; CPU iPhone OS 16_6 like Mac OS X) AppleWebKit/605.1.15 (KHTML, like Gecko) Version/16.6 Mobile/15E148 Safari/604.1",unknown, unknown,,,,http://192.168.1.8:3000/portfolio
2025-08-13T18:39:08.372Z,item-1755071260249,like,::ffff:192.168.1.8,"Mozilla/5.0 (iPhone; CPU iPhone OS 16_6 like Mac OS X) AppleWebKit/605.1.15 (KHTML, like Gecko) Version/16.6 Mobile/15E148 Safari/604.1",unknown, unknown,,,,http://192.168.1.8:3000/portfolio
2025-08-13T18:44:34.043Z,item-1755019011138,unlike,::ffff:192.168.1.8,"Mozilla/5.0 (iPhone; CPU iPhone OS 16_6 like Mac OS X) AppleWebKit/605.1.15 (KHTML, like Gecko) Version/16.6 Mobile/15E148 Safari/604.1",unknown, unknown,,,,http://192.168.1.8:3000/portfolio
2025-08-13T18:44:35.898Z,item-1755019011138,like,::ffff:192.168.1.8,"Mozilla/5.0 (iPhone; CPU iPhone OS 16_6 like Mac OS X) AppleWebKit/605.1.15 (KHTML, like Gecko) Version/16.6 Mobile/15E148 Safari/604.1",unknown, unknown,,,,http://192.168.1.8:3000/portfolio
2025-08-13T18:44:43.327Z,item-1755019011138,like,::ffff:192.168.1.8,"Mozilla/5.0 (iPhone; CPU iPhone OS 16_6 like Mac OS X) AppleWebKit/605.1.15 (KHTML, like Gecko) Version/16.6 Mobile/15E148 Safari/604.1",unknown, unknown,,,,http://192.168.1.8:3000/portfolio
2025-08-13T18:44:45.434Z,item-1755019011138,unlike,::ffff:192.168.1.8,"Mozilla/5.0 (iPhone; CPU iPhone OS 16_6 like Mac OS X) AppleWebKit/605.1.15 (KHTML, like Gecko) Version/16.6 Mobile/15E148 Safari/604.1",unknown, unknown,,,,http://192.168.1.8:3000/portfolio
2025-08-13T18:48:03.471Z,item-1755071260249,unlike,::1,"Mozilla/5.0 (Windows NT 10.0; Win64; x64) AppleWebKit/537.36 (KHTML, like Gecko) Chrome/139.0.0.0 Safari/537.36 Edg/139.0.0.0",unknown, unknown,,,,http://localhost:3000/portfolio
2025-08-13T18:48:04.789Z,item-1755071260249,like,::1,"Mozilla/5.0 (Windows NT 10.0; Win64; x64) AppleWebKit/537.36 (KHTML, like Gecko) Chrome/139.0.0.0 Safari/537.36 Edg/139.0.0.0",unknown, unknown,,,,http://localhost:3000/portfolio
2025-08-13T18:52:15.380Z,item-1755071260249,like,::ffff:192.168.1.8,"Mozilla/5.0 (Windows NT 10.0; Win64; x64) AppleWebKit/537.36 (KHTML, like Gecko) Chrome/139.0.0.0 Safari/537.36 Edg/139.0.0.0",unknown, unknown,,,,http://192.168.1.8:3000/portfolio
2025-08-13T18:52:19.437Z,item-1755071260249,unlike,::ffff:192.168.1.8,"Mozilla/5.0 (Windows NT 10.0; Win64; x64) AppleWebKit/537.36 (KHTML, like Gecko) Chrome/139.0.0.0 Safari/537.36 Edg/139.0.0.0",unknown, unknown,,,,http://192.168.1.8:3000/portfolio
2025-08-13T18:52:20.668Z,item-1755071260249,like,::ffff:192.168.1.8,"Mozilla/5.0 (Windows NT 10.0; Win64; x64) AppleWebKit/537.36 (KHTML, like Gecko) Chrome/139.0.0.0 Safari/537.36 Edg/139.0.0.0",unknown, unknown,,,,http://192.168.1.8:3000/portfolio
2025-08-13T18:58:57.277Z,item-1755071260249,like,::ffff:192.168.1.8,"Mozilla/5.0 (Windows NT 10.0; Win64; x64) AppleWebKit/537.36 (KHTML, like Gecko) Chrome/139.0.0.0 Safari/537.36",unknown, unknown,,,,http://192.168.1.8:3000/portfolio
2025-08-13T18:58:58.675Z,item-1755071260249,unlike,::ffff:192.168.1.8,"Mozilla/5.0 (Windows NT 10.0; Win64; x64) AppleWebKit/537.36 (KHTML, like Gecko) Chrome/139.0.0.0 Safari/537.36",unknown, unknown,,,,http://192.168.1.8:3000/portfolio
2025-08-13T18:58:59.720Z,item-1755071260249,like,::ffff:192.168.1.8,"Mozilla/5.0 (Windows NT 10.0; Win64; x64) AppleWebKit/537.36 (KHTML, like Gecko) Chrome/139.0.0.0 Safari/537.36",unknown, unknown,,,,http://192.168.1.8:3000/portfolio
2025-08-13T19:07:28.508Z,item-1755071260249,like,2405:201:a427:981d:118:1bcd:12ff:af78,"Mozilla/5.0 (Linux; Android 10; K) AppleWebKit/537.36 (KHTML, like Gecko) Chrome/139.0.0.0 Mobile Safari/537.36",Patna, India,India,Patna,Asia/Kolkata,https://e58e68189997.ngrok-free.app/portfolio
2025-08-13T19:07:35.489Z,item-1755019011138,like,2405:201:a427:981d:118:1bcd:12ff:af78,"Mozilla/5.0 (Linux; Android 10; K) AppleWebKit/537.36 (KHTML, like Gecko) Chrome/139.0.0.0 Mobile Safari/537.36",Patna, India,India,Patna,Asia/Kolkata,https://e58e68189997.ngrok-free.app/portfolio
2025-08-13T19:07:56.019Z,item-1755071260249,like,::ffff:192.168.1.8,"Mozilla/5.0 (Windows NT 10.0; Win64; x64) AppleWebKit/537.36 (KHTML, like Gecko) Chrome/139.0.0.0 Safari/537.36 Edg/139.0.0.0",unknown, unknown,,,,http://192.168.1.8:3000/portfolio
2025-08-13T19:07:58.162Z,item-1755019011138,like,::ffff:192.168.1.8,"Mozilla/5.0 (Windows NT 10.0; Win64; x64) AppleWebKit/537.36 (KHTML, like Gecko) Chrome/139.0.0.0 Safari/537.36 Edg/139.0.0.0",unknown, unknown,,,,http://192.168.1.8:3000/portfolio
2025-08-13T19:18:50.489Z,item-1755071260249,like,::ffff:192.168.1.8,"Mozilla/5.0 (Windows NT 10.0; Win64; x64) AppleWebKit/537.36 (KHTML, like Gecko) Chrome/139.0.0.0 Safari/537.36 Edg/139.0.0.0",unknown, unknown,,,,http://192.168.1.8:3000/portfolio
2025-08-13T19:18:52.564Z,item-1755071260249,unlike,::ffff:192.168.1.8,"Mozilla/5.0 (Windows NT 10.0; Win64; x64) AppleWebKit/537.36 (KHTML, like Gecko) Chrome/139.0.0.0 Safari/537.36 Edg/139.0.0.0",unknown, unknown,,,,http://192.168.1.8:3000/portfolio
2025-08-13T19:18:56.938Z,item-1755071260249,like,::ffff:192.168.1.8,"Mozilla/5.0 (Windows NT 10.0; Win64; x64) AppleWebKit/537.36 (KHTML, like Gecko) Chrome/139.0.0.0 Safari/537.36 Edg/139.0.0.0",unknown, unknown,,,,http://192.168.1.8:3000/portfolio
2025-08-13T19:18:59.088Z,item-1755071260249,unlike,::ffff:192.168.1.8,"Mozilla/5.0 (Windows NT 10.0; Win64; x64) AppleWebKit/537.36 (KHTML, like Gecko) Chrome/139.0.0.0 Safari/537.36 Edg/139.0.0.0",unknown, unknown,,,,http://192.168.1.8:3000/portfolio
2025-08-13T19:19:02.733Z,item-1755071260249,like,::ffff:192.168.1.8,"Mozilla/5.0 (Windows NT 10.0; Win64; x64) AppleWebKit/537.36 (KHTML, like Gecko) Chrome/139.0.0.0 Safari/537.36 Edg/139.0.0.0",unknown, unknown,,,,http://192.168.1.8:3000/portfolio
2025-08-13T19:19:04.155Z,item-1755071260249,unlike,::ffff:192.168.1.8,"Mozilla/5.0 (Windows NT 10.0; Win64; x64) AppleWebKit/537.36 (KHTML, like Gecko) Chrome/139.0.0.0 Safari/537.36 Edg/139.0.0.0",unknown, unknown,,,,http://192.168.1.8:3000/portfolio
2025-08-13T19:19:05.471Z,item-1755071260249,like,::ffff:192.168.1.8,"Mozilla/5.0 (Windows NT 10.0; Win64; x64) AppleWebKit/537.36 (KHTML, like Gecko) Chrome/139.0.0.0 Safari/537.36 Edg/139.0.0.0",unknown, unknown,,,,http://192.168.1.8:3000/portfolio
2025-08-13T19:20:53.788Z,item-1755071260249,like,::ffff:192.168.1.4,"Mozilla/5.0 (Linux; Android 10; K) AppleWebKit/537.36 (KHTML, like Gecko) Chrome/139.0.0.0 Mobile Safari/537.36",unknown, unknown,,,,http://192.168.1.8:3000/portfolio
2025-08-13T19:20:55.422Z,item-1755071260249,unlike,::ffff:192.168.1.4,"Mozilla/5.0 (Linux; Android 10; K) AppleWebKit/537.36 (KHTML, like Gecko) Chrome/139.0.0.0 Mobile Safari/537.36",unknown, unknown,,,,http://192.168.1.8:3000/portfolio
2025-08-13T19:22:30.632Z,item-1755071260249,like,::ffff:192.168.1.8,"Mozilla/5.0 (Windows NT 10.0; Win64; x64) AppleWebKit/537.36 (KHTML, like Gecko) Chrome/139.0.0.0 Safari/537.36 Edg/139.0.0.0",unknown, unknown,,,,http://192.168.1.8:3000/portfolio
2025-08-13T19:22:32.629Z,item-1755071260249,unlike,::ffff:192.168.1.8,"Mozilla/5.0 (Windows NT 10.0; Win64; x64) AppleWebKit/537.36 (KHTML, like Gecko) Chrome/139.0.0.0 Safari/537.36 Edg/139.0.0.0",unknown, unknown,,,,http://192.168.1.8:3000/portfolio
2025-08-13T19:22:34.752Z,item-1755071260249,like,::ffff:192.168.1.8,"Mozilla/5.0 (Windows NT 10.0; Win64; x64) AppleWebKit/537.36 (KHTML, like Gecko) Chrome/139.0.0.0 Safari/537.36 Edg/139.0.0.0",unknown, unknown,,,,http://192.168.1.8:3000/portfolio
2025-08-13T19:22:36.688Z,item-1755071260249,unlike,::ffff:192.168.1.8,"Mozilla/5.0 (Windows NT 10.0; Win64; x64) AppleWebKit/537.36 (KHTML, like Gecko) Chrome/139.0.0.0 Safari/537.36 Edg/139.0.0.0",unknown, unknown,,,,http://192.168.1.8:3000/portfolio
2025-08-13T19:27:09.950Z,item-1755071260249,like,::ffff:192.168.1.8,"Mozilla/5.0 (Windows NT 10.0; Win64; x64) AppleWebKit/537.36 (KHTML, like Gecko) Chrome/139.0.0.0 Safari/537.36 Edg/139.0.0.0",unknown, unknown,,,,http://192.168.1.8:3000/portfolio
2025-08-13T19:27:16.095Z,item-1755071260249,unlike,::ffff:192.168.1.8,"Mozilla/5.0 (Windows NT 10.0; Win64; x64) AppleWebKit/537.36 (KHTML, like Gecko) Chrome/139.0.0.0 Safari/537.36 Edg/139.0.0.0",unknown, unknown,,,,http://192.168.1.8:3000/portfolio
2025-08-13T19:27:17.596Z,item-1755071260249,like,::ffff:192.168.1.8,"Mozilla/5.0 (Windows NT 10.0; Win64; x64) AppleWebKit/537.36 (KHTML, like Gecko) Chrome/139.0.0.0 Safari/537.36 Edg/139.0.0.0",unknown, unknown,,,,http://192.168.1.8:3000/portfolio
2025-08-13T19:48:57.757Z,item-1755071260249,unlike,2405:201:a427:981d:118:1bcd:12ff:af78,"Mozilla/5.0 (Linux; Android 10; K) AppleWebKit/537.36 (KHTML, like Gecko) Chrome/139.0.0.0 Mobile Safari/537.36",Patna, India,India,Patna,Asia/Kolkata,https://e58e68189997.ngrok-free.app/portfolio
2025-08-13T19:49:11.994Z,item-1755071260249,like,2405:201:a427:981d:118:1bcd:12ff:af78,"Mozilla/5.0 (Linux; Android 10; K) AppleWebKit/537.36 (KHTML, like Gecko) Chrome/139.0.0.0 Mobile Safari/537.36",Patna, India,India,Patna,Asia/Kolkata,https://e58e68189997.ngrok-free.app/portfolio
2025-08-16T20:34:20.222Z,item-1755071260249,like,::ffff:192.168.1.3,"Mozilla/5.0 (Linux; Android 10; K) AppleWebKit/537.36 (KHTML, like Gecko) Chrome/139.0.0.0 Mobile Safari/537.36",unknown, unknown,,,,http://192.168.1.8:3000/portfolio
